model,cv_precision_mean,cv_precision_std,cv_recall_mean,cv_recall_std,cv_f1_mean,cv_f1_std,cv_auc_mean,cv_auc_std,cv_average_precision_mean,cv_average_precision_std,cv_train_f1_mean,cv_train_auc_mean,model_name,test_accuracy,test_precision,test_recall,test_f1,test_auc_roc,test_avg_prec
logistic_regression,0.14218740454066184,0.0017708468283284342,0.9966165523313674,0.0012647849063649823,0.2488635889941707,0.002677959764000283,0.9767837358376558,0.0010726087488913928,0.33692743911481965,0.006127110644999896,0.24894507910924693,0.9767935414483753,logistic_regression,0.9426399816427824,0.02171902023086514,0.9860012172854534,0.042501836499107985,0.9946192075211179,0.5566798688993516
