model,cv_precision_mean,cv_precision_std,cv_recall_mean,cv_recall_std,cv_f1_mean,cv_f1_std,cv_auc_mean,cv_auc_std,cv_average_precision_mean,cv_average_precision_std,cv_train_f1_mean,cv_train_auc_mean,model_name,test_accuracy,test_precision,test_recall,test_f1,test_auc_roc,test_avg_prec
neural_network,0.6670064170179856,0.08910236771914588,0.9900968817476409,0.005220411165941099,0.7934188201073958,0.060803864719423624,0.9993592326444749,0.0001150263322456413,0.9694517716602912,0.002970159869247075,0.7927289250046886,0.9994970071756887,neural_network,0.9924802989963254,0.14374325782092773,0.9732197200243458,0.25048954335395945,0.9983282835705342,0.7080888321044619
