model,cv_precision_mean,cv_precision_std,cv_recall_mean,cv_recall_std,cv_f1_mean,cv_f1_std,cv_auc_mean,cv_auc_std,cv_average_precision_mean,cv_average_precision_std,cv_train_f1_mean,cv_train_auc_mean,model_name,test_accuracy,test_precision,test_recall,test_f1,test_auc_roc,test_avg_prec
random_forest,0.5531060812757768,0.008637918017190528,0.9953497011757767,0.0012322603515039663,0.7110284725999648,0.006820562330754912,0.9990199718020593,6.938368007274029e-05,0.9336167822018423,0.001621504452175586,0.7123773806190052,0.9991275702556072,random_forest,0.9888387173837193,0.10348528854653365,0.9975654290931223,0.1875178765516847,0.9994931051905337,0.8869511571780913
