model,cv_precision_mean,cv_precision_std,cv_recall_mean,cv_recall_std,cv_f1_mean,cv_f1_std,cv_auc_mean,cv_auc_std,cv_average_precision_mean,cv_average_precision_std,cv_train_f1_mean,cv_train_auc_mean,model_name,test_accuracy,test_precision,test_recall,test_f1,test_auc_roc,test_avg_prec
xgboost,0.9045517650895191,0.03521479286905893,0.9995056170876672,0.00017883538399592272,0.9492964223811429,0.01958548474491554,0.9998032949998229,4.175883863771363e-05,0.9853524191193342,0.00361022402945786,0.949574006650724,0.9998539050564306,xgboost,0.9980495456274302,0.3981054165654603,0.9975654290931223,0.5690972222222223,0.9994909249344646,0.9357901823049521
